"Existing URL","New URL","Redirect required","Page title","Meta description","H1","Primary search term","Secondary terms","Canonical URL","Internal links","FAQ schema status"
"TBC - supply current live URL","/","301 once existing URL supplied","Sightline Traffic Engineers | Designed to standard.","","Designed to standard.","traffic engineers sydney","traffic engineering nsw","https://sightlinetraffic.com.au/","nav + title block","n/a"
"TBC - supply current live URL","/development-parking-engineering","301 once existing URL supplied","Development & Parking Engineering","","A DA does not fail on architecture. It fails on a dimension.","parking engineering sydney","development traffic engineer","https://sightlinetraffic.com.au/development-parking-engineering","nav + title block","n/a"
"TBC - supply current live URL","/work-zone-engineering","301 once existing URL supplied","Work Zone Engineering","","A work zone is an engineering problem before it is a paperwork problem.","work zone traffic engineering","temporary traffic management design","https://sightlinetraffic.com.au/work-zone-engineering","nav + title block","n/a"
"TBC - supply current live URL","/transport-network-engineering","301 once existing URL supplied","Transport & Network Engineering","","Test the pressure on the network before it becomes a real-world problem.","traffic modelling sydney","network engineering","https://sightlinetraffic.com.au/transport-network-engineering","nav + title block","n/a"
"TBC - supply current live URL","/approvals","301 once existing URL supplied","Approvals & Delivery Support","","The approvals that come with the works.","road occupancy licence help","council traffic permits","https://sightlinetraffic.com.au/approvals","nav + title block","n/a"
"TBC - supply current live URL","/sectors","301 once existing URL supplied","Sectors","","Same engineering. Different problem to solve.","traffic engineering sectors","","https://sightlinetraffic.com.au/sectors","nav + title block","n/a"
"TBC - supply current live URL","/sectors/civil-contractors","301 once existing URL supplied","Civil Contractors","","Your programme doesn't wait for a redrawn plan.","traffic staging civil contractor","","https://sightlinetraffic.com.au/sectors/civil-contractors","nav + title block","n/a"
"TBC - supply current live URL","/sectors/developers-architects","301 once existing URL supplied","Developers & Architects","","Council asked for a traffic report. We'll tell you which one.","traffic report for da","","https://sightlinetraffic.com.au/sectors/developers-architects","nav + title block","n/a"
"TBC - supply current live URL","/sectors/government-council","301 once existing URL supplied","Government & Council","","An independent check, from engineers with no stake in the outcome.","independent traffic audit council","","https://sightlinetraffic.com.au/sectors/government-council","nav + title block","n/a"
"TBC - supply current live URL","/sectors/utilities","301 once existing URL supplied","Utilities","","Fifty small jobs is not one big job.","utility works tgs","","https://sightlinetraffic.com.au/sectors/utilities","nav + title block","n/a"
"TBC - supply current live URL","/sectors/events","301 once existing URL supplied","Events","","Road closed, crowd moving, police satisfied.","event traffic management plan","","https://sightlinetraffic.com.au/sectors/events","nav + title block","n/a"
"TBC - supply current live URL","/projects","301 once existing URL supplied","Projects","","The work speaks in drawings, not adjectives.","traffic engineering projects","","https://sightlinetraffic.com.au/projects","nav + title block","n/a"
"TBC - supply current live URL","/about","301 once existing URL supplied","About","","Independent traffic and transport engineering.","sightline traffic engineers","","https://sightlinetraffic.com.au/about","nav + title block","n/a"
"TBC - supply current live URL","/team","301 once existing URL supplied","Team — Drawn & Checked By","","If they sign your document, they're on this page.","sightline engineers team","","https://sightlinetraffic.com.au/team","nav + title block","n/a"
"TBC - supply current live URL","/contact","301 once existing URL supplied","Contact — Request a fee proposal","","Send us the drawings. We'll tell you what you need.","traffic engineer fee proposal","","https://sightlinetraffic.com.au/contact","nav + title block","n/a"
"TBC - supply current live URL","/tgs-traffic-control-plans","301 once existing URL supplied","Traffic Guidance Schemes (TGS) & Traffic Control Plans (TCP)","Certified Traffic Guidance Schemes and Traffic Control Plans designed by traffic engineers to the TCAWS Manual and AS 1742.3 for civil and construction projects across NSW.","Traffic guidance schemes (TGS) & traffic control plans (TCP)","tgs sydney|traffic control plan","traffic guidance scheme nsw","https://sightlinetraffic.com.au/tgs-traffic-control-plans","practice landing (Work zone engineering) + related links","FAQPage JSON-LD (4 questions)"
"TBC - supply current live URL","/traffic-staging-plans","301 once existing URL supplied","Traffic Staging Plans & CAD Staging Sets","Full CAD-based traffic staging sets for multi-stage civil projects — cover sheets, key plans, general arrangements and vehicle turn paths, coordinated as one sequence.","Traffic staging plans & CAD staging sets","traffic staging plans & cad staging sets","","https://sightlinetraffic.com.au/traffic-staging-plans","practice landing () + related links","FAQPage JSON-LD (8 questions)"
"TBC - supply current live URL","/traffic-management-plans","301 once existing URL supplied","Traffic Management Plans (TMP & CTMP)","Construction Traffic Management Plans and TMPs for projects across Sydney and NSW — site and hazard assessment, TGS, and implementation and monitoring, to TfNSW codes of practice.","Traffic management plans (TMP & CTMP)","ctmp sydney|traffic management plan","construction traffic management plan","https://sightlinetraffic.com.au/traffic-management-plans","practice landing () + related links","FAQPage JSON-LD (4 questions)"
"TBC - supply current live URL","/complex-multi-stage-tmp","301 once existing URL supplied","Complex & Multi-Stage Traffic Management Plans","Multi-stage TMPs for bridge upgrades, road widenings and major intersection works — staging, barriers, swept paths and network impact designed together for every stage.","Complex & multi-stage traffic management plans","complex & multi-stage traffic management plans","","https://sightlinetraffic.com.au/complex-multi-stage-tmp","practice landing () + related links","FAQPage JSON-LD (4 questions)"
"TBC - supply current live URL","/temporary-barrier-design","301 once existing URL supplied","Temporary Barrier Design Statements & Cross Sections","Cross-section drawings and design statements for temporary safety barriers — deflection zones and construction zone widths confirmed against road authority requirements.","Temporary barrier design statements & cross sections","temporary barrier design statements & cross sections","","https://sightlinetraffic.com.au/temporary-barrier-design","practice landing () + related links","FAQPage JSON-LD (4 questions)"
"TBC - supply current live URL","/swept-path-analysis","301 once existing URL supplied","Swept Path Analysis (Vehicle Tracking)","Swept path analysis confirming the space every vehicle type needs — from passenger cars to articulated trucks and abnormal loads — before construction locks the design in.","Swept path analysis (vehicle tracking)","swept path analysis (vehicle tracking)","","https://sightlinetraffic.com.au/swept-path-analysis","practice landing () + related links","FAQPage JSON-LD (4 questions)"
"TBC - supply current live URL","/site-audits","301 once existing URL supplied","Site Audits","Independent site audits of temporary traffic management set-ups — checking physical implementation against the approved TGS or TMP, to TCAWS and the relevant Australian Standards.","Site audits","site audits","","https://sightlinetraffic.com.au/site-audits","practice landing (Work zone engineering) + related links","FAQPage JSON-LD (4 questions)"
"n/a (new page)","/road-safety-audits","none - noindex draft","Road Safety Audits (RSA)","Independent road safety audits at design, pre-opening and existing road stages — findings identified, risk-classified and closed out through formal designer responses.","Road safety audits (RSA)","road safety audits (rsa)","","https://sightlinetraffic.com.au/road-safety-audits","practice landing (Work zone engineering) + related links","suppressed (draft)"
"TBC - supply current live URL","/traffic-modelling","301 once existing URL supplied","Traffic Modelling (SIDRA / Aimsun)","Computer-based traffic models replicating how a road network operates today and how it will perform under future conditions — calibrated against real-world observations.","Traffic modelling (SIDRA / Aimsun)","traffic modelling (sidra / aimsun)","","https://sightlinetraffic.com.au/traffic-modelling","practice landing () + related links","FAQPage JSON-LD (4 questions)"
"TBC - supply current live URL","/sidra-intersection-analysis","301 once existing URL supplied","SIDRA Intersection Capacity Analysis","Lane-by-lane SIDRA modelling of intersections, roundabouts and signalised networks — the data-driven case that convinces council your intersection will actually perform.","SIDRA intersection capacity analysis","sidra intersection capacity analysis","","https://sightlinetraffic.com.au/sidra-intersection-analysis","practice landing () + related links","FAQPage JSON-LD (4 questions)"
"TBC - supply current live URL","/traffic-impact-assessment","301 once existing URL supplied","Traffic Impact Assessment (TIA)","The detailed evaluation council or a road authority requires for larger developments — a full technical case that your project's network impact has been properly tested, not assumed.","Traffic impact assessment (TIA)","traffic impact assessment (tia)","","https://sightlinetraffic.com.au/traffic-impact-assessment","practice landing () + related links","FAQPage JSON-LD (3 questions)"
"n/a (new page)","/traffic-data-collection","none - noindex draft","Traffic Data Collection & Analysis","Turning-movement counts, classified counts, queue observations, travel-time and speed data — the counted baseline that SIDRA and Aimsun calibration, TIAs and network analysis rest on.","Traffic data collection & analysis","traffic data collection & analysis","","https://sightlinetraffic.com.au/traffic-data-collection","practice landing (Transport & network engineering) + related links","suppressed (draft)"
"n/a (new page)","/road-design-cad","none - noindex draft","Road Design & CAD Documentation","Page in preparation.","Road design & CAD documentation","road design & cad documentation","","https://sightlinetraffic.com.au/road-design-cad","practice landing (Transport & network engineering) + related links","suppressed (draft)"
"TBC - supply current live URL","/traffic-impact-statement","301 once existing URL supplied","Traffic Impact Statement (TIS)","A concise technical report demonstrating that your development's traffic generation, parking and access arrangements won't create unsafe or inefficient conditions — the standard requirement for smaller-scale developments.","Traffic impact statement (TIS)","traffic impact statement (tis)","","https://sightlinetraffic.com.au/traffic-impact-statement","practice landing () + related links","FAQPage JSON-LD (4 questions)"
"TBC - supply current live URL","/carpark-demand-assessment","301 once existing URL supplied","Carpark Demand Assessment","The site-specific, evidence-based case for the parking provision your project actually needs — whether that's meeting the statutory rate or justifying a reduction.","Carpark demand assessment","carpark demand assessment","","https://sightlinetraffic.com.au/carpark-demand-assessment","practice landing () + related links","FAQPage JSON-LD (4 questions)"
"TBC - supply current live URL","/as2890-parking-compliance","301 once existing URL supplied","Parking & AS 2890 Compliance","Car park design checked and certified against the full AS 2890 series — bay dimensions, headroom, aisles, ramp grades and design vehicles — with the formal certification most councils require.","Parking & AS 2890 compliance","parking & as 2890 compliance","","https://sightlinetraffic.com.au/as2890-parking-compliance","practice landing () + related links","FAQPage JSON-LD (4 questions)"
"TBC - supply current live URL","/driveway-design","301 once existing URL supplied","Driveway Design","Driveway design for steep and constrained sites — gradients, transitions and ground clearance resolved to AS 2890.1, with the certification council wants to see.","Driveway design","driveway design","","https://sightlinetraffic.com.au/driveway-design","practice landing () + related links","FAQPage JSON-LD (4 questions)"
"TBC - supply current live URL","/sight-line-assessment","301 once existing URL supplied","Pedestrian Sight Line Assessment","AS 2890.1 sight triangle assessment — confirming a driver exiting your property can actually see pedestrians and oncoming traffic before crossing the footpath.","Pedestrian sight line assessment","pedestrian sight line assessment","","https://sightlinetraffic.com.au/sight-line-assessment","practice landing () + related links","FAQPage JSON-LD (4 questions)"
"TBC - supply current live URL","/vehicle-access-assessment","301 once existing URL supplied","Vehicle Access Assessment","How every vehicle type expected on your site — from passenger cars to B-doubles — enters, moves through, and exits safely, assessed against AS 2890.2 and your council's DCP.","Vehicle access assessment","vehicle access assessment","","https://sightlinetraffic.com.au/vehicle-access-assessment","practice landing () + related links","FAQPage JSON-LD (4 questions)"
"TBC - supply current live URL","/parking-traffic-surveys","301 once existing URL supplied","Parking & Traffic Surveys","On-site parking and traffic surveys — occupancy, duration, turnover and volume counts — building the real-world baseline your parking case rests on.","Parking & traffic surveys","parking & traffic surveys","","https://sightlinetraffic.com.au/parking-traffic-surveys","practice landing () + related links","FAQPage JSON-LD (4 questions)"
"n/a (new page)","/operational-traffic-parking-plans","none - noindex draft","Operational Traffic & Parking Management Plans","The plan for how a site operates after it opens — circulation, parking, loading, waste, pick-up and drop-off, queues and pedestrian movement, with named responsibilities.","Operational traffic & parking management plans","operational traffic & parking management plans","","https://sightlinetraffic.com.au/operational-traffic-parking-plans","practice landing (Development & parking engineering) + related links","suppressed (draft)"
"TBC - supply current live URL","/road-occupancy-licence","301 once existing URL supplied","TMC Road Occupancy Licence (ROL) Permits","Sightline manages the entire TMC Road Occupancy Licence application — liaison with bus operators, the TMC, transport authorities and rail operators to keep your project moving.","TMC road occupancy licence (ROL) permits","road occupancy licence|rol permit","tmc rol application","https://sightlinetraffic.com.au/road-occupancy-licence","practice landing () + related links","FAQPage JSON-LD (4 questions)"
"TBC - supply current live URL","/council-permits","301 once existing URL supplied","Council Permits & Applications","From identifying which permit applies to your site through to lodging, liaison and approval — Sightline manages council permits for projects of every scale.","Council permits & applications","council permit traffic control","section 138 roads act","https://sightlinetraffic.com.au/council-permits","practice landing () + related links","FAQPage JSON-LD (6 questions)"
"TBC - supply current live URL","/sta-police-approvals","301 once existing URL supplied","STA, Police & Emergency Services Approvals","Two more approvals that can quietly stall an otherwise-ready ROL — STA sign-off and Police Area Command permits, identified and managed on your behalf.","STA, police & emergency services approvals","sta, police & emergency services approvals","","https://sightlinetraffic.com.au/sta-police-approvals","practice landing () + related links","FAQPage JSON-LD (4 questions)"
"TBC - supply current live URL","/community-engagement","301 once existing URL supplied","Community Engagement & CLO","Engagement strategies that keep residents, businesses and stakeholders informed — with a named Community Liaison Officer as the single point of contact for the life of the works.","Community engagement strategies","community engagement & clo","","https://sightlinetraffic.com.au/community-engagement","practice landing () + related links","FAQPage JSON-LD (4 questions)"
# NOTE: the Existing URL / redirect columns cannot be completed until Saadat supplies the current live site URLs.
